brand,website,instagram,niche,active_ads,ad_library_link,destination,score,spend,leak,contact,found_at
Brigade Group,brigadegroup.com,@brigadegroup,Bangalore Real Estate,22,https://www.facebook.com/ads/library/?active_status=active&country=IN&q=Brigade%20Group,Lead Form,7,10-15L,"22 ads static, no walkthrough video",contact@brigadegroup.com,2026-09-10T05:38:26.431131
Zouk,zouk.co.in,@zouk,D2C Bags,18,https://www.facebook.com/ads/library/?active_status=active&country=IN&q=Zouk,Website,7,15-25L,"All static, zero UGC, slow site 4.2s",contact@zouk.co.in,2026-09-10T05:38:26.431144
Prestige Group,prestigeconstructions.com,@prestige.group,Real Estate,28,https://www.facebook.com/ads/library/?active_status=active&country=IN&q=Prestige%20Group,Lead Form,7,20-30L,"28 ads corporate, no UGC testimonial",contact@prestigeconstructions.com,2026-09-10T05:38:26.431192
Adarsh Group,adarshdevelopers.com,@adarshgroup,Bangalore Real Estate,14,https://www.facebook.com/ads/library/?active_status=active&country=IN&q=Adarsh%20Group,Lead Form,6,5-10L,"Static posters, no video walkthrough, no Kannada ads",contact@adarshdevelopers.com,2026-09-10T05:38:26.431104
Plum,plumgoodness.com,@plumgoodness,D2C Skincare,42,https://www.facebook.com/ads/library/?active_status=active&country=IN&q=Plum,Website,6,2-3 Cr,"80% static, no UGC, creative fatigue",contact@plumgoodness.com,2026-09-10T05:38:26.431107
Dr Batra's Bangalore,drbatras.com,@drbatras,Clinic,11,https://www.facebook.com/ads/library/?active_status=active&country=IN&q=Dr%20Batra's%20Bangalore,WhatsApp,6,2-3L,"11 ads to WhatsApp, no catalog, 3hr reply",contact@drbatras.com,2026-09-10T05:38:26.431141
Bare Anatomy,bareanatomy.com,@bareanatomy,D2C Beauty,22,https://www.facebook.com/ads/library/?active_status=active&country=IN&q=Bare%20Anatomy,Website,6,10-20L,"No transformation video, only static before/after",contact@bareanatomy.com,2026-09-10T05:38:26.431165
Oliva Clinic,olivaclinic.com,@olivaclinic,Skin Clinic,12,https://www.facebook.com/ads/library/?active_status=active&country=IN&q=Oliva%20Clinic,WhatsApp,6,2-4L,"12 ads, no highlights on IG",contact@olivaclinic.com,2026-09-10T05:38:26.431172
Country Delight,countrydelight.in,@countrydelight,F&B Subscription,28,https://www.facebook.com/ads/library/?active_status=active&country=IN&q=Country%20Delight,Website,6,4-5 Cr,28 ads subscription but no UGC,contact@countrydelight.in,2026-09-10T05:38:26.431203
Godrej Properties,godrejproperties.com,@godrejproperties,Real Estate,32,https://www.facebook.com/ads/library/?active_status=active&country=IN&q=Godrej%20Properties,Lead Form,5,15-20L,32 ads Pan-India same creative,contact@godrejproperties.com,2026-09-10T05:38:26.431113
Kosmoderma,kosmoderma.com,@kosmoderma,Skin Clinic,8,https://www.facebook.com/ads/library/?active_status=active&country=IN&q=Kosmoderma,WhatsApp,5,1-2L,"8 ads static poster, no before/after",contact@kosmoderma.com,2026-09-10T05:38:26.431136
The Sleep Company,thesleepcompany.in,@thesleepcompany,Sleep,22,https://www.facebook.com/ads/library/?active_status=active&country=IN&q=The%20Sleep%20Company,Website,4,3-4 Cr,22 ads same angle,contact@thesleepcompany.in,2026-09-10T05:38:26.431085
Bewakoof,bewakoof.com,@bewakoof,Apparel,48,https://www.facebook.com/ads/library/?active_status=active&country=IN&q=Bewakoof,Website,4,3-4 Cr,2.8-3.6x ROAS but same meme angle,contact@bewakoof.com,2026-09-10T05:38:26.431123
Wow Skin Science,wowskinscience.com,@wowskinscience,Personal Care,28,https://www.facebook.com/ads/library/?active_status=active&country=IN&q=Wow%20Skin%20Science,Website,4,2-3 Cr,"Discount only, no ingredient story",contact@wowskinscience.com,2026-09-10T05:38:26.431128
Just Herbs,justherbs.in,@justherbsindia,Skincare,92,https://www.facebook.com/ads/library/?active_status=active&country=IN&q=Just%20Herbs,Website,4,30-50L,"92 ads, 75% off desperate discounting",contact@justherbs.in,2026-09-10T05:38:26.431146
Noise,gonoise.com,@gonoise,Audio,38,https://www.facebook.com/ads/library/?active_status=active&country=IN&q=Noise,Website,4,3-4 Cr,"3-4 Cr spend, 3.0-3.8x ROAS",contact@gonoise.com,2026-09-10T05:38:26.431149
The Derma Co,thedermaco.com,@thedermaco,Skincare,34,https://www.facebook.com/ads/library/?active_status=active&country=IN&q=The%20Derma%20Co,Website,4,3-4 Cr,"Free combo offer, no dermatologist authority creative",contact@thedermaco.com,2026-09-10T05:38:26.431160
Deconstruct,deconstruct.in,@deconstruct_skincare,Skincare,48,https://www.facebook.com/ads/library/?active_status=active&country=IN&q=Deconstruct,Website,4,20-30L,46 of 48 refreshed Aug 17 = no winner,contact@deconstruct.in,2026-09-10T05:38:26.431162
Earth Rhythm,earthrhythm.com,@earthrhythm,Skincare,42,https://www.facebook.com/ads/library/?active_status=active&country=IN&q=Earth%20Rhythm,Website,4,15-20L,"Up to 30% off - mid-depth cut, 42-new-ad flight",contact@earthrhythm.com,2026-09-10T05:38:26.431174
Sobha,sobha.com,@sobha,Real Estate,18,https://www.facebook.com/ads/library/?active_status=active&country=IN&q=Sobha,Lead Form,4,8-12L,18 ads luxury but same creative,contact@sobha.com,2026-09-10T05:38:26.431177
mCaffeine,mcaffeine.com,@mcaffeineofficial,Skincare,38,https://www.facebook.com/ads/library/?active_status=active&country=IN&q=mCaffeine,Website,4,2-3 Cr,"Same BOGO angle, no testimonial",contact@mcaffeine.com,2026-09-10T05:38:26.431190
Wakefit,wakefit.co,@wakefit,Sleep,35,https://www.facebook.com/ads/library/?active_status=active&country=IN&q=Wakefit,Website,4,4-6 Cr,35 ads heavy spender,contact@wakefit.co,2026-09-10T05:38:26.431199
VLCC Bangalore,vlccwellness.com,@vlccindia,Wellness,15,https://www.facebook.com/ads/library/?active_status=active&country=IN&q=VLCC%20Bangalore,WhatsApp,4,2-3L,15 ads discount only,contact@vlccwellness.com,2026-09-10T05:38:26.431201
The Whole Truth,thewholetruthfoods.com,@thewholetruthfoods,Nutrition,24,https://www.facebook.com/ads/library/?active_status=active&country=IN&q=The%20Whole%20Truth,Website,4,2-3 Cr,Good brand but no subscription angle in ads,contact@thewholetruthfoods.com,2026-09-10T05:38:26.431206
Yogabar,yogabars.in,@yogabars,Nutrition,19,https://www.facebook.com/ads/library/?active_status=active&country=IN&q=Yogabar,Website,3,2-3 Cr,10% search decline - needs creative refresh,contact@yogabars.in,2026-09-10T05:38:26.431101
Mokobara,mokobara.com,@mokobara,Travel Bags,16,https://www.facebook.com/ads/library/?active_status=active&country=IN&q=Mokobara,Website,3,80L-1.2Cr,Good UGC but 80% discount angle - missing gifting,contact@mokobara.com,2026-09-10T05:38:26.431115
Plix,plixlife.com,@plixlife,Nutrition,16,https://www.facebook.com/ads/library/?active_status=active&country=IN&q=Plix,Website,3,1-2 Cr,1-2 Cr spend but same angle,contact@plixlife.com,2026-09-10T05:38:26.431118
Fitness Coach Bangalore,fitcoach.com,@fitcoachblr,Fitness Coach,6,https://www.facebook.com/ads/library/?active_status=active&country=IN&q=Fitness%20Coach%20Bangalore,WhatsApp,3,30-50k,6 ads transformation missing,contact@fitcoach.com,2026-09-10T05:38:26.431121
Dental Solutions Bangalore,dentalsolutions.com,@dentalsolutionsblr,Dental Clinic,5,https://www.facebook.com/ads/library/?active_status=active&country=IN&q=Dental%20Solutions%20Bangalore,WhatsApp,3,50k-1L,"5 ads Welcome poster, no hook",contact@dentalsolutions.com,2026-09-10T05:38:26.431134
Skybags,skybags.com,@skybags,Bags,12,https://www.facebook.com/ads/library/?active_status=active&country=IN&q=Skybags,Website,3,1-2 Cr,12 ads discount only,contact@skybags.com,2026-09-10T05:38:26.431139
Aqualogica,aqualogica.in,@aqualogica,Skincare,18,https://www.facebook.com/ads/library/?active_status=active&country=IN&q=Aqualogica,Website,3,10-15L,Code-gated GLOW20 - weak offer,contact@aqualogica.in,2026-09-10T05:38:26.431151
Boult,boultaudio.com,@boult,Audio,18,https://www.facebook.com/ads/library/?active_status=active&country=IN&q=Boult,Website,3,1-2 Cr,18 ads same as BoAt,contact@boultaudio.com,2026-09-10T05:38:26.431169
Atomberg,atomberg.com,@atomberg,Appliances,14,https://www.facebook.com/ads/library/?active_status=active&country=IN&q=Atomberg,Website,3,1-2 Cr,14 ads tech specs no lifestyle,contact@atomberg.com,2026-09-10T05:38:26.431197
Digital Marketing Coach,example.com,@dmcoach,Coach,7,https://www.facebook.com/ads/library/?active_status=active&country=IN&q=Digital%20Marketing%20Coach,Webinar,2,50k-1L,7 ads free masterclass no social proof,contact@example.com,2026-09-10T05:38:26.431096
Propsoch,propsoch.club,@propsoch.club,Real Estate Platform,6,https://www.facebook.com/ads/library/?active_status=active&country=IN&q=Propsoch,Website,2,1-2L,"6 ads only, landing not optimized",contact@propsoch.club,2026-09-10T05:38:26.431155
Trading with CA,tradingwithca.com,@tradingwithca,Finance Coach,9,https://www.facebook.com/ads/library/?active_status=active&country=IN&q=Trading%20with%20CA,Webinar,2,1-2L,9 ads webinar funnel 2015 design,contact@tradingwithca.com,2026-09-10T05:38:26.431179
Sugar Cosmetics,sugarcosmetics.com,@trysugar,Beauty,65,https://www.facebook.com/ads/library/?active_status=active&country=IN&q=Sugar%20Cosmetics,Website,1,5-7 Cr,65 ads heavy spender enterprise,contact@sugarcosmetics.com,2026-09-10T05:38:26.431110
The Souled Store,thesouledstore.com,@thesouledstore,Apparel,52,https://www.facebook.com/ads/library/?active_status=active&country=IN&q=The%20Souled%20Store,Website,1,3-4 Cr,52 ads - heavy but enterprise,contact@thesouledstore.com,2026-09-10T05:38:26.431182
BoAt,boat-lifestyle.com,@boat.nirvana,Audio,72,https://www.facebook.com/ads/library/?active_status=active&country=IN&q=BoAt,Website,1,6-8 Cr,72 ads enterprise - hard close,contact@boat-lifestyle.com,2026-09-10T05:38:26.431187
Mamaearth,mamaearth.in,@mamaearth,Personal Care,85,https://www.facebook.com/ads/library/?active_status=active&country=IN&q=Mamaearth,Website,1,8-10 Cr,"Enterprise - hard to close, but 20 ads sampled only - thin",contact@mamaearth.in,2026-09-10T05:38:26.431195
