brand,website,niche,score,google_ads_live,lead_email,lead_phone,contact_entity,audit_pdf,outreach_md,verified_on,batch,data_vintage
Akshayakalpa Organic,akshayakalpa.org,Organic Dairy & Farm-to-Door,8,400,support@akshayakalpa.org,+91-9535388122,Akshayakalpa Farms & Foods Pvt Ltd,audits/akshayakalpa-organic-paid-media-measurement-audit.pdf,outreach/akshayakalpa-organic-outreach-templates.md,02 OCT 2026,Batch 1,"LEGACY — Batch 1; prior snapshot, not revalidated on 04 OCT 2026"
Anand Sweets,anandsweets.in,"Sweets, Snacks & Corporate Gifting",8,58,care@anandsweets.net,+91 80 2558 8992,ANAND SWEETS AND SAVOURIES LLP,audits/anand-sweets-paid-media-measurement-audit.pdf,outreach/anand-sweets-outreach-templates.md,02 OCT 2026,Batch 1,"LEGACY — Batch 1; prior snapshot, not revalidated on 04 OCT 2026"
Barbeque Nation,barbequenation.com,Casual Dining & Takeaway,8,34,feedback@barbequenation.com,08064058059,United Foodbrands Limited (site: Barbeque Nation Hospitality Limited),audits/barbeque-nation-paid-media-measurement-audit.pdf,outreach/barbeque-nation-outreach-templates.md,03 OCT 2026,Batch 2,"LEGACY — Batch 2; prior snapshot, not revalidated on 04 OCT 2026"
Milky Mist,milkymist.com,Dairy FMCG (IPO-bound),8,3,customercare@milkymist.com,1800-419-9000,Milky Mist Dairy Food Limited,audits/milky-mist-paid-media-measurement-audit.pdf,outreach/milky-mist-outreach-templates.md,02 OCT 2026,Batch 1,"LEGACY — Batch 1; prior snapshot, not revalidated on 04 OCT 2026"
Millet Amma,milletamma.com,Millets & Healthy Foods,8,80,eatright@milletamma.com,+91 7624979333,Urban Monk Private Limited,audits/millet-amma-paid-media-measurement-audit.pdf,outreach/millet-amma-outreach-templates.md,03 OCT 2026,Batch 2,"LEGACY — Batch 2; prior snapshot, not revalidated on 04 OCT 2026"
Organic Mandya,organicmandya.com,Organic Grocery & Farm Produce,8,67,support@organicmandya.com,+91 95909 22000,Mandya Organic Foods Private Limited,audits/organic-mandya-paid-media-measurement-audit.pdf,outreach/organic-mandya-outreach-templates.md,03 OCT 2026,Batch 2,"LEGACY — Batch 2; prior snapshot, not revalidated on 04 OCT 2026"
SMOOR,smoor.in,Premium Chocolates & Gifting,8,22,info@smoorchocolates.com,+91 8822201202,Bliss Chocolates India Private Limited,audits/smoor-paid-media-measurement-audit.pdf,outreach/smoor-outreach-templates.md,03 OCT 2026,Batch 2,"LEGACY — Batch 2; prior snapshot, not revalidated on 04 OCT 2026"
Sid's Farm,sidsfarm.com,Farm-Fresh Dairy Subscription,8,35,wecare@sidsfarm.com,,Sids Farm Private Limited,audits/sid-s-farm-paid-media-measurement-audit.pdf,outreach/sid-s-farm-outreach-templates.md,03 OCT 2026,Batch 2,"LEGACY — Batch 2; prior snapshot, not revalidated on 04 OCT 2026"
iD Fresh Food,idfreshfood.com,Fresh Batter & Ready-to-Cook,8,1,customercare@idfreshfood.com,+91 9739910521,iD Fresh Food (India) Pvt Ltd,audits/id-fresh-food-paid-media-measurement-audit.pdf,outreach/id-fresh-food-outreach-templates.md,02 OCT 2026,Batch 1,"LEGACY — Batch 1; prior snapshot, not revalidated on 04 OCT 2026"
Adukale,adukale.com,Ready-to-Cook & Karnataka Foods,7,13,info@adukale.com,+91 9035462696,Sankethi Nutriments Private Limited,audits/adukale-paid-media-measurement-audit.pdf,outreach/adukale-outreach-templates.md,03 OCT 2026,Batch 2,"LEGACY — Batch 2; prior snapshot, not revalidated on 04 OCT 2026"
Araku Coffee,arakucoffee.in,Specialty Coffee,7,200,customercare@arakuoriginals.com,+91 9000394000,Araku Originals Pvt Ltd,audits/araku-coffee-paid-media-measurement-audit.pdf,outreach/araku-coffee-outreach-templates.md,03 OCT 2026,Batch 2,"LEGACY — Batch 2; prior snapshot, not revalidated on 04 OCT 2026"
Brik Oven,brikoven.com,Pizzerias & Casual Dining,7,25,theteam@brikoven.com,,Brik Oven Pvt Ltd,audits/brik-oven-paid-media-measurement-audit.pdf,outreach/brik-oven-outreach-templates.md,03 OCT 2026,Batch 2,"LEGACY — Batch 2; prior snapshot, not revalidated on 04 OCT 2026"
Chai Point,chaipoint.com,Chai Retail & Workplace Beverages,7,56,customercare@chaipoint.com,+91 88801 41000,Mountain Trail Foods Pvt Ltd,audits/chai-point-paid-media-measurement-audit.pdf,outreach/chai-point-outreach-templates.md,02 OCT 2026,Batch 1,"LEGACY — Batch 1; prior snapshot, not revalidated on 04 OCT 2026"
Cothas Coffee,cothas.com,Coffee Roasting & Vending,7,77,customercare@cothas.com,,Cothas Coffee Co.,audits/cothas-coffee-paid-media-measurement-audit.pdf,outreach/cothas-coffee-outreach-templates.md,02 OCT 2026,Batch 1,"LEGACY — Batch 1; prior snapshot, not revalidated on 04 OCT 2026"
Early Foods,earlyfoods.com,Organic Baby & Toddler Food,7,30,hello@earlyfoods.com,+91 8049670521,Early Foods Pvt Ltd,audits/early-foods-paid-media-measurement-audit.pdf,outreach/early-foods-outreach-templates.md,02 OCT 2026,Batch 1,"LEGACY — Batch 1; prior snapshot, not revalidated on 04 OCT 2026"
Eat Better Co,eatbetterco.com,Healthy Snacks & Corporate Gifting,7,29,care@eatbetterco.com,+91 9829188706,Eat Better Ventures Private Limited,audits/eat-better-co-paid-media-measurement-audit.pdf,outreach/eat-better-co-outreach-templates.md,03 OCT 2026,Batch 2,"LEGACY — Batch 2; prior snapshot, not revalidated on 04 OCT 2026"
Licious,licious.in,D2C Meat & Seafood,7,300,talktous@licious.com,1800-4190-786,Delightful Gourmet Pvt Ltd,audits/licious-paid-media-measurement-audit.pdf,outreach/licious-outreach-templates.md,02 OCT 2026,Batch 1,"LEGACY — Batch 1; prior snapshot, not revalidated on 04 OCT 2026"
Pure & Sure,pureandsure.in,Organic FMCG & Grocery,7,37,info@pureandsure.in,1800 121 0369,Phalada Organic Consumer Products Private Limited,audits/pure-sure-paid-media-measurement-audit.pdf,outreach/pure-sure-outreach-templates.md,03 OCT 2026,Batch 2,"LEGACY — Batch 2; prior snapshot, not revalidated on 04 OCT 2026"
The Baker's Dozen,thebakersdozen.in,Sourdough Bakery & Retail,7,35,fresh@thebakersdozen.in,+91 9082857741,Mimansa Industries Pvt Ltd,audits/the-baker-s-dozen-paid-media-measurement-audit.pdf,outreach/the-baker-s-dozen-outreach-templates.md,02 OCT 2026,Batch 1,"LEGACY — Batch 1; prior snapshot, not revalidated on 04 OCT 2026"
Third Wave Coffee,thirdwavecoffeeroasters.com,Specialty Coffee Retail,7,0,orders@thirdwavecoffee.in,+91 80 47108111,Third Wave Coffee,audits/third-wave-coffee-paid-media-measurement-audit.pdf,outreach/third-wave-coffee-outreach-templates.md,02 OCT 2026,Batch 1,"LEGACY — Batch 1; prior snapshot, not revalidated on 04 OCT 2026"
Frozen Bottle,frozenbottle.com,"Desserts, Milkshakes & Franchise Retail",6,11,vipul@frozenbottle.in,080-48669920,Munchbox Frozen Foods Pvt Ltd,audits/frozen-bottle-paid-media-measurement-audit.pdf,outreach/frozen-bottle-outreach-templates.md,02 OCT 2026,Batch 1,"LEGACY — Batch 1; prior snapshot, not revalidated on 04 OCT 2026"
Aubree,aubree.in,"Bakery, patisserie and celebration cakes",8.5,Google Ads NOT MEASURED,connect@aubree.in,+91 9008175757,Not identified on the reviewed contact page,audits/aubree-paid-media-measurement-audit.pdf,outreach/aubree-outreach-templates.md,04 OCT 2026,Batch 3,BATCH 3 — source-checked 04 OCT 2026
Nandhana Palace,nandhanarestaurants.com,Bengaluru casual dining and Andhra cuisine,7.5,Google Ads NOT MEASURED,customerservices@nandhanahotels.com,080 46131111,Nandhana Foods Private Limited,audits/nandhana-palace-paid-media-measurement-audit.pdf,outreach/nandhana-palace-outreach-templates.md,04 OCT 2026,Batch 3,BATCH 3 — source-checked 04 OCT 2026
Byg Brewski,bygbrewski.com,"Bengaluru brewery, dining and events",9.0,Google Ads NOT MEASURED,gm.sjp@bygbrewski.com,080 47166256,Not identified on the reviewed contact page,audits/byg-brewski-paid-media-measurement-audit.pdf,outreach/byg-brewski-outreach-templates.md,04 OCT 2026,Batch 3,BATCH 3 — source-checked 04 OCT 2026
Hatti Kaapi,hattikaapi.com,"Coffee, packaged foods and direct-to-consumer retail",9.0,Google Ads NOT MEASURED,info@hattikaapi.in,9591999434,Hatti Kaapi (trade name shown; legal entity not established from the reviewed page),audits/hatti-kaapi-paid-media-measurement-audit.pdf,outreach/hatti-kaapi-outreach-templates.md,04 OCT 2026,Batch 3,BATCH 3 — source-checked 04 OCT 2026
MTR Foods,mtrfoods.com,Packaged foods and Bengaluru-headquartered FMCG,8.5,Google Ads NOT MEASURED,mediacell@orklaindia.com,18001037455,Orkla India Limited (MTR Division),audits/mtr-foods-paid-media-measurement-audit.pdf,outreach/mtr-foods-outreach-templates.md,04 OCT 2026,Batch 3,BATCH 3 — source-checked 04 OCT 2026
Popeyes India,popeyes.in,Quick-service restaurant and store openings,8.0,Google Ads NOT MEASURED,wecare@popeyes.in,18003091234,Jubilant FoodWorks Limited,audits/popeyes-india-paid-media-measurement-audit.pdf,outreach/popeyes-india-outreach-templates.md,04 OCT 2026,Batch 3,BATCH 3 — source-checked 04 OCT 2026
Sagar Ratna,sagarratna.com,South Indian vegetarian restaurant chain,7.5,Google Ads NOT MEASURED,customercare@sagarratna.in,,Not identified on the reviewed contact page,audits/sagar-ratna-paid-media-measurement-audit.pdf,outreach/sagar-ratna-outreach-templates.md,04 OCT 2026,Batch 3,BATCH 3 — source-checked 04 OCT 2026
McDonald's India,mcdonaldsindia.com,Quick-service restaurant chain (West and South India; HRPL),8.5,Google Ads NOT MEASURED,corpcomm@mcdonaldsindia.com,+91 22 49135000,Hardcastle Restaurants Private Limited (McDonald's India / HRPL),audits/mcdonalds-india-paid-media-measurement-audit.pdf,outreach/mcdonalds-india-outreach-templates.md,04 OCT 2026,Batch 3,BATCH 3 — source-checked 04 OCT 2026
Starbucks India,starbucks.in,Coffeehouse and Bengaluru retail stores,7.0,Google domain query checked; results surfaced under MIGHTYHIVE entities and were not attributed to Tata Starbucks,contact@tatastarbucks.com,18602660010,Tata Starbucks Private Limited (as identified on the official store listing),audits/starbucks-india-paid-media-measurement-audit.pdf,outreach/starbucks-india-outreach-templates.md,04 OCT 2026,Batch 3,BATCH 3 — source-checked 04 OCT 2026
Krispy Kreme India,krispykremeindia.in,"Doughnuts, gifting and Bengaluru stores",8.5,Google domain query returned 6 results under verified Curefoods; Krispy-specific ad attribution not established,manish.ramu@curefoods.in,,Curefoods India Private Limited (master-franchise rights stated in the official FAQ; specific store operator not independently checked),audits/krispy-kreme-india-paid-media-measurement-audit.pdf,outreach/krispy-kreme-india-outreach-templates.md,04 OCT 2026,Batch 3,BATCH 3 — source-checked 04 OCT 2026
Theobroma,theobroma.in,"Bakery, patisserie and cafe chain",9.0,Google Ads Transparency — checked; current brand-specific activity not established,marketing@theobroma.in,,Theobroma Foods Private Limited,audits/theobroma-paid-media-measurement-audit.pdf,outreach/theobroma-outreach-templates.md,04 OCT 2026,Batch 4,BATCH 4 — source-checked 04 OCT 2026
The Belgian Waffle Co.,thebelgianwaffle.co,"Waffle, dessert and cafe chain",8.0,Google Ads Transparency — checked; current brand-specific activity not established,marketing@bloombay.in,,Not identified in the cited contact page,audits/the-belgian-waffle-co-paid-media-measurement-audit.pdf,outreach/the-belgian-waffle-co-outreach-templates.md,04 OCT 2026,Batch 4,BATCH 4 — source-checked 04 OCT 2026
Behrouz Biryani,behrouzbiryani.com,Biryani and prepared-food delivery brand,8.5,Google Ads Transparency — checked; current brand-specific activity not established,help@behrouzbiryani.com,,Rebel Foods Private Limited (official terms identify ownership/operation),audits/behrouz-biryani-paid-media-measurement-audit.pdf,outreach/behrouz-biryani-outreach-templates.md,04 OCT 2026,Batch 4,BATCH 4 — source-checked 04 OCT 2026
Bakingo,bakingo.com,"Online bakery, designer cakes and gifting",8.5,Google Ads Transparency — checked; current brand-specific activity not established,care@bakingo.com,,Official grievance page names Bake Wish Private Limited; storefront footer separately displays FA GIFTS PVT. LTD. (relationship not reconciled).,audits/bakingo-paid-media-measurement-audit.pdf,outreach/bakingo-outreach-templates.md,04 OCT 2026,Batch 4,BATCH 4 — source-checked 04 OCT 2026
Taco Bell India,tacobell.co.in,Quick-service restaurant chain (India master-franchisee operations),8.5,Google Ads Transparency — checked; current brand-specific activity not established,tacobellcare@burmanhospitality.com,,Burman Hospitality Private Limited (officially identified as Taco Bell India master franchisee),audits/taco-bell-india-paid-media-measurement-audit.pdf,outreach/taco-bell-india-outreach-templates.md,04 OCT 2026,Batch 4,BATCH 4 — source-checked 04 OCT 2026
Wow! Momo,wowmomo.com,Momo and quick-service restaurant chain,8.0,Google Ads Transparency — 0 domain results (not proof of no activity),info@wowmomo.co.in,,Wow! Momo Foods Private Limited,audits/wow-momo-paid-media-measurement-audit.pdf,outreach/wow-momo-outreach-templates.md,04 OCT 2026,Batch 4,BATCH 4 — source-checked 04 OCT 2026
Polar Bear,polarbear.co.in,Ice-cream and sundae restaurant chain,8.0,Google Ads Transparency — 0 domain results (not proof of no activity),polarbear@polarbear.co.in,,Honeycomb Retail (India) Pvt. Ltd.,audits/polar-bear-paid-media-measurement-audit.pdf,outreach/polar-bear-outreach-templates.md,04 OCT 2026,Batch 4,BATCH 4 — source-checked 04 OCT 2026
Jumboking,jumboking.co.in,Vegetarian burger QSR chain,8.5,Google Ads Transparency — checked; current brand-specific activity not established,customersupport@jumboking.co.in,,Not identified on the cited contact page,audits/jumboking-paid-media-measurement-audit.pdf,outreach/jumboking-outreach-templates.md,04 OCT 2026,Batch 4,BATCH 4 — source-checked 04 OCT 2026
Swiggy,swiggy.com,"Food-delivery and dining platform (platform lead, not restaurant)",9.0,Google Ads Transparency — checked; current brand-specific activity not established,akanksha.j@swiggy.in,,Swiggy Limited,audits/swiggy-paid-media-measurement-audit.pdf,outreach/swiggy-outreach-templates.md,04 OCT 2026,Batch 4,BATCH 4 — source-checked 04 OCT 2026
Chaayos,chaayos.com,Chai cafe and quick-service restaurant chain,8.5,Google Ads Transparency — 0 domain results (not proof of no activity),letstalk@chaayos.com,,Not identified on the cited store/contact pages,audits/chaayos-paid-media-measurement-audit.pdf,outreach/chaayos-outreach-templates.md,04 OCT 2026,Batch 4,BATCH 4 — source-checked 04 OCT 2026
